JAVIER;1005210321;JAVIER12gmail.com
JOSE ANTONIO;6504440321;JOSEANTONIO1gmail.com
DANIEL;6598452788;DANIEL2gmail.com
JOSE LUIS;9987445546;JOSELUIS3gmail.com
FRANCISCO JAVIER;3255784654;FRANCISCOJAVIER124gmail.com
CARLOS;6535444546;CARLOS125gmail.com
JESUS;5554664521;JESUS126gmail.com
ALEJANDRO;3120313210;ALEJANDRO127gmail.com
MIGUEL;3656894120;MIGUEL128gmail.com
JOSE MANUEL;3012145003;JOSEMANUEL129gmail.com
RAFAEL;2136545632;RAFAEL130gmail.com
MIGUEL ANGEL;3665854215;MIGUELANGEL131gmail.com
PABLO;3565785897;PABLO132gmail.com
PEDRO;5468356825;PEDRO133gmail.com
ANGEL;1254658954;ANGEL134gmail.com
SERGIO;3568758884;SERGIO135gmail.com
JOSE MARIA;3564800097;JOSEMARIA136gmail.com
FERNANDO;1777000321;FERNANDO137gmail.com
JORGE;6500888321;JORGE138gmail.com
LUIS;6595418788;LUIS139gmail.com
ALBERTO;9958687546;ALBERTO140gmail.com
ALVARO;3252564654;ALVARO141gmail.com
JUAN CARLOS;6569344546;JUANCARLOS142gmail.com
ADRIAN;5003564521;ADRIAN143gmail.com
